"id","ts","lat","lon","temperature","humidity","co"
"1","2025-03-26 15:14:07","13.8212","100.615","33","65","0.0354374"
"2","2025-03-26 15:27:32","13.8212","100.615","33","66","0.0354374"
"3","2025-03-26 15:57:32","13.8212","100.615","34","62","0.0354374"
"4","2025-03-26 16:27:32","13.8212","100.615","34","61","0.0354374"
"5","2025-03-26 16:57:32","13.8212","100.615","34","62","0.0354374"
"6","2025-03-26 17:27:33","13.8212","100.615","34","63","0.0354374"
"7","2025-03-26 17:57:33","13.8212","100.615","34","61","0.0354374"
"8","2025-03-26 18:27:33","13.8212","100.615","34","62","0.0354374"
"9","2025-03-26 18:57:34","13.8212","100.615","33","64","0.0354374"
"10","2025-03-26 19:27:34","13.8212","100.615","33","68","0.0354374"
"11","2025-03-26 19:57:34","13.8212","100.615","33","70","0.0354374"
"12","2025-03-26 20:27:35","13.8212","100.615","32","73","0.0354374"
"13","2025-03-26 20:57:35","13.8212","100.615","32","74","0.0354374"
"14","2025-03-26 21:27:35","13.8212","100.615","32","75","0.0354374"
"15","2025-03-26 21:57:36","13.8212","100.615","32","75","0.0354374"
"16","2025-03-26 22:27:36","13.8212","100.615","32","75","0.0354374"
"17","2025-03-26 22:57:36","13.8212","100.615","31","76","0.0354374"
"18","2025-03-26 23:27:36","13.8212","100.615","31","77","0.0354374"
"19","2025-03-26 23:57:37","13.8212","100.615","31","77","0.0354374"
"20","2025-03-27 00:27:37","13.8212","100.615","31","79","0.0354374"
"21","2025-03-27 00:57:37","13.8212","100.615","31","79","0.0354374"
"22","2025-03-27 01:27:38","13.8212","100.615","31","79","0.0354374"
"23","2025-03-27 01:57:38","13.8212","100.615","31","79","0.0354374"
"24","2025-03-27 02:27:38","13.8212","100.615","31","79","0.0354374"
"25","2025-03-27 02:57:39","13.8212","100.615","31","79","0.0354374"
"26","2025-03-27 03:27:39","13.8212","100.615","31","80","0.0354374"
"27","2025-03-27 03:57:39","13.8212","100.615","31","80","0.0354374"
"28","2025-03-27 04:27:40","13.8212","100.615","31","81","0.0354374"
"29","2025-03-27 04:57:40","13.8212","100.615","31","80","0.0354374"
"30","2025-03-27 05:27:40","13.8212","100.615","31","81","0.0354374"
"31","2025-03-27 05:57:40","13.8212","100.615","31","81","0.0354374"
"32","2025-03-27 06:27:41","13.8212","100.615","31","81","0.0354374"
"33","2025-03-27 06:57:41","13.8212","100.615","31","82","0.0354374"
"34","2025-03-27 07:27:41","13.8212","100.615","31","82","0.0354374"
"35","2025-03-27 07:57:42","13.8212","100.615","31","81","0.0354374"
"36","2025-03-27 08:27:42","13.8212","100.615","31","81","0.0354374"
"37","2025-03-27 08:57:42","13.8212","100.615","31","81","0.0354374"
"38","2025-03-27 09:27:43","13.8212","100.615","31","78","0.0354374"
"39","2025-03-27 09:57:43","13.8212","100.615","32","76","0.0354374"
"40","2025-03-27 10:27:43","13.8212","100.615","32","75","0.0354374"
"41","2025-03-27 10:57:43","13.8212","100.615","33","72","0.0354374"
"42","2025-03-27 11:27:44","13.8212","100.615","34","68","0.0354374"
"43","2025-03-27 11:57:44","13.8212","100.615","34","66","0.0354374"
"44","2025-03-27 12:27:44","13.8212","100.615","34","62","0.0354374"
"45","2025-03-27 12:57:45","13.8212","100.615","35","59","0.0354374"
"46","2025-03-27 13:27:45","13.8212","100.615","36","58","0.0354374"
"47","2025-03-27 13:57:45","13.8212","100.615","36","55","0.0354374"
"48","2025-03-27 14:27:45","13.8212","100.615","37","55","0.0354374"
"49","2025-03-27 14:57:46","13.8212","100.615","36","54","0.0354374"
"50","2025-03-27 15:27:46","13.8212","100.615","36","53","0.0354374"
"51","2025-03-27 15:57:46","13.8212","100.615","36","53","0.0354374"
"52","2025-03-27 16:27:47","13.8212","100.615","36","53","0.0354374"
"53","2025-03-27 16:57:47","13.8212","100.615","35","51","0.0354374"
"54","2025-03-27 17:27:47","13.8212","100.615","35","49","0.0354374"
"55","2025-03-27 17:57:48","13.8212","100.615","35","52","0.0354374"
"56","2025-03-27 18:27:48","13.8212","100.615","34","50","0.0354374"
"57","2025-03-27 18:57:48","13.8212","100.615","34","49","0.0354374"
"58","2025-03-27 19:27:49","13.8212","100.615","33","49","0.0354374"
"59","2025-03-27 19:57:49","13.8212","100.615","33","54","0.0354374"
"60","2025-03-27 20:27:49","13.8212","100.615","33","57","0.0354374"
"61","2025-03-27 20:57:49","13.8212","100.615","33","63","0.0354374"
"62","2025-03-27 21:27:50","13.8212","100.615","33","68","0.0354374"
"63","2025-03-27 21:57:50","13.8212","100.615","32","70","0.0354374"
"64","2025-03-27 22:27:50","13.8212","100.615","32","70","0.0354374"
"65","2025-03-27 22:57:51","13.8212","100.615","32","69","0.0354374"
"66","2025-03-27 23:27:51","13.8212","100.615","32","68","0.0354374"
"67","2025-03-27 23:57:51","13.8212","100.615","32","69","0.0354374"
"68","2025-03-28 00:27:52","13.8212","100.615","32","71","0.0354374"
"69","2025-03-28 00:57:52","13.8212","100.615","32","71","0.0354374"
"70","2025-03-28 01:27:52","13.8212","100.615","31","71","0.0354374"
"71","2025-03-28 18:35:36","13.8212","100.615","33","40","0.0354374"
"72","2025-03-28 19:05:36","13.8212","100.615","33","40","0.0354374"
"73","2025-03-28 19:35:37","13.8212","100.615","34","39","0.0354374"
"74","2025-03-28 20:05:37","13.8212","100.615","34","39","0.0354374"
"75","2025-03-28 20:35:37","13.8212","100.615","34","42","0.0354374"
"76","2025-03-28 21:05:38","13.8212","100.615","34","45","0.0354374"
"77","2025-03-28 21:35:38","13.8212","100.615","33","48","0.0354374"
"78","2025-03-28 22:05:38","13.8212","100.615","33","52","0.0354374"
"79","2025-03-28 22:35:39","13.8212","100.615","33","59","0.0354374"
"80","2025-03-28 23:05:39","13.8212","100.615","33","62","0.0354374"
"81","2025-03-28 23:35:39","13.8212","100.615","32","64","0.0354374"
"82","2025-03-29 00:05:40","13.8212","100.615","32","64","0.0354374"
"83","2025-03-29 00:35:40","13.8212","100.615","32","65","0.0354374"
"84","2025-03-29 01:05:40","13.8212","100.615","32","67","0.0354374"
"85","2025-03-29 01:35:41","13.8212","100.615","32","68","0.0354374"
"86","2025-03-29 02:05:41","13.8212","100.615","32","70","0.0354374"
"87","2025-03-29 02:35:41","13.8212","100.615","32","72","0.0354374"
"88","2025-03-29 03:05:41","13.8212","100.615","32","71","0.0354374"
"89","2025-03-29 03:35:42","13.8212","100.615","31","71","0.0354374"
"90","2025-03-29 04:05:42","13.8212","100.615","31","73","0.0354374"
"91","2025-03-29 04:35:42","13.8212","100.615","31","74","0.0354374"
"92","2025-03-29 05:05:43","13.8212","100.615","31","75","0.0354374"
"93","2025-03-29 05:35:43","13.8212","100.615","31","75","0.0354374"
"94","2025-03-29 06:05:43","13.8212","100.615","31","74","0.0354374"
"95","2025-03-29 06:35:44","13.8212","100.615","31","74","0.0354374"
"96","2025-03-29 07:05:44","13.8212","100.615","31","74","0.0354374"
"97","2025-03-29 07:35:44","13.8212","100.615","31","74","0.0354374"
"98","2025-03-29 08:05:44","13.8212","100.615","31","75","0.0354374"
"99","2025-03-29 08:35:45","13.8212","100.615","32","74","0.0354374"
"100","2025-03-29 09:05:45","13.8212","100.615","32","75","0.0354374"
"101","2025-03-29 09:35:45","13.8212","100.615","32","73","0.0354374"
"102","2025-03-29 10:05:46","13.8212","100.615","33","71","0.0354374"
"103","2025-03-29 10:35:46","13.8212","100.615","33","70","0.0354374"
"104","2025-03-29 11:05:46","13.8212","100.615","33","68","0.0354374"
"105","2025-03-29 11:35:46","13.8212","100.615","33","65","0.0354374"
"106","2025-03-29 12:05:47","13.8212","100.615","34","62","0.0354374"
"107","2025-03-29 12:35:47","13.8212","100.615","35","58","0.0354374"
"108","2025-03-29 13:05:47","13.8212","100.615","35","54","0.0354374"
"109","2025-03-29 13:35:48","13.8212","100.615","36","53","0.0354374"
"110","2025-03-29 14:05:48","13.8212","100.615","36","54","0.0354374"
"111","2025-03-29 14:35:48","13.8212","100.615","36","52","0.0354374"
"112","2025-03-29 15:05:49","13.8212","100.615","36","51","0.0354374"
"113","2025-03-29 15:35:49","13.8212","100.615","36","48","0.0354374"
"114","2025-03-29 16:05:49","13.8212","100.615","36","46","0.0354374"
"115","2025-03-29 16:35:49","13.8212","100.615","36","47","0.0354374"
"116","2025-03-29 17:05:50","13.8212","100.615","36","49","0.0354374"
"117","2025-03-29 17:35:50","13.8212","100.615","35","51","0.0354374"
"118","2025-03-29 18:05:50","13.8212","100.615","35","54","0.0354374"
"119","2025-03-29 18:35:51","13.8212","100.615","34","55","0.0354374"
"120","2025-03-29 19:05:51","13.8212","100.615","34","57","0.0354374"
"121","2025-03-29 19:35:51","13.8212","100.615","33","57","0.0354374"
"122","2025-03-29 20:05:52","13.8212","100.615","33","59","0.0354374"
"123","2025-03-29 20:35:52","13.8212","100.615","33","61","0.0354374"
"124","2025-03-29 21:05:52","13.8212","100.615","33","63","0.0354374"
"125","2025-03-29 21:35:53","13.8212","100.615","33","65","0.0354374"
"126","2025-03-29 22:05:53","13.8212","100.615","33","66","0.0354374"
"127","2025-03-29 22:35:53","13.8212","100.615","32","65","0.0354374"
"128","2025-03-29 23:05:54","13.8212","100.615","32","67","0.0354374"
"129","2025-03-29 23:35:54","13.8212","100.615","32","69","0.0354374"
"130","2025-03-30 00:05:54","13.8212","100.615","32","72","0.0354374"
"131","2025-03-30 00:35:54","13.8212","100.615","32","73","0.0354374"
"132","2025-03-30 01:05:55","13.8212","100.615","32","73","0.0354374"
"133","2025-03-30 01:35:55","13.8212","100.615","32","77","0.0354374"
"134","2025-03-30 02:05:56","13.8212","100.615","32","77","0.0354374"
"135","2025-03-30 02:35:56","13.8212","100.615","32","77","0.0354374"
"136","2025-03-30 03:05:56","13.8212","100.615","31","77","0.0354374"
"137","2025-03-30 03:35:56","13.8212","100.615","31","78","0.0354374"
"138","2025-03-30 04:05:56","13.8212","100.615","31","78","0.0354374"
"139","2025-03-30 04:35:57","13.8212","100.615","31","79","0.0354374"
"140","2025-03-30 05:05:57","13.8212","100.615","31","78","0.0354374"
"141","2025-03-30 05:35:57","13.8212","100.615","31","78","0.0354374"
"142","2025-03-30 06:05:58","13.8212","100.615","31","77","0.0354374"
"143","2025-03-30 06:35:58","13.8212","100.615","31","77","0.0354374"
"144","2025-04-02 18:58:36","13.8212","100.615","27","71","0"
"145","2025-04-02 19:01:11","13.8212","100.615","28","75","0"
"146","2025-04-02 19:31:12","13.8212","100.615","30","71","0"
"147","2025-04-02 20:01:12","13.8212","100.615","33","66","0"
"148","2025-04-02 20:31:12","13.8212","100.615","33","66","0"
"149","2025-04-02 21:01:13","13.8212","100.615","33","65","0"
"150","2025-04-02 21:31:13","13.8212","100.615","32","65","0"
"151","2025-04-02 22:01:13","13.8212","100.615","32","65","0"
"152","2025-04-02 22:31:14","13.8212","100.615","32","65","0"
"153","2025-04-02 23:01:14","13.8212","100.615","32","65","0"
"154","2025-04-02 23:31:14","13.8212","100.615","32","68","0"
"155","2025-04-03 00:01:15","13.8212","100.615","32","68","0"
"156","2025-04-03 00:31:15","13.8212","100.615","32","68","0"
"157","2025-04-03 01:01:15","13.8212","100.615","31","68","0"
"158","2025-04-03 01:31:15","13.8212","100.615","31","70","0"
"159","2025-04-03 02:01:16","13.8212","100.615","31","73","0"
"160","2025-04-03 02:31:16","13.8212","100.615","31","72","0"
"161","2025-04-03 03:02:20","13.8212","100.615","30","77","0"
"162","2025-04-03 03:32:20","13.8212","100.615","30","77","0"
"163","2025-04-03 04:02:21","13.8212","100.615","30","77","0"
"164","2025-04-03 04:32:21","13.8212","100.615","30","79","0"
"165","2025-04-03 05:02:21","13.8212","100.615","30","79","0"
"166","2025-04-03 05:32:21","13.8212","100.615","30","80","0"
"167","2025-04-03 06:02:22","13.8212","100.615","30","79","0"
"168","2025-04-03 06:32:22","13.8212","100.615","30","79","0"
"169","2025-04-03 07:02:22","13.8212","100.615","30","80","0"
"170","2025-04-03 07:32:23","13.8212","100.615","30","80","0"
"171","2025-04-03 08:02:23","13.8212","100.615","30","81","0"
"172","2025-04-03 08:32:23","13.8212","100.615","30","79","0"
"173","2025-04-03 09:02:24","13.8212","100.615","31","75","0"
"174","2025-04-03 09:32:25","13.8212","100.615","31","76","0"
"175","2025-04-03 10:02:25","13.8212","100.615","32","72","0"
"176","2025-04-03 10:32:25","13.8212","100.615","32","70","0"
"177","2025-04-03 11:02:26","13.8212","100.615","32","66","0"
"178","2025-04-03 11:32:26","13.8212","100.615","32","67","0"
"179","2025-04-03 12:02:26","13.8212","100.615","32","65","0"
"180","2025-04-03 12:32:27","13.8212","100.615","32","64","0"
"181","2025-04-03 13:02:27","13.8212","100.615","33","59","0"
"182","2025-04-03 13:32:27","13.8212","100.615","34","55","0"
"183","2025-04-03 14:02:28","13.8212","100.615","34","57","0"
"184","2025-04-03 14:32:28","13.8212","100.615","35","55","0"
"185","2025-04-03 15:02:28","13.8212","100.615","35","54","0"
"186","2025-04-03 15:32:29","13.8212","100.615","35","56","0"
"187","2025-04-03 16:02:29","13.8212","100.615","35","54","0"
"188","2025-04-03 16:32:29","13.8212","100.615","34","54","0"
"189","2025-04-03 17:02:30","13.8212","100.615","35","53","0"
"190","2025-04-03 17:32:30","13.8212","100.615","35","53","0"
"191","2025-04-03 18:02:30","13.8212","100.615","34","52","0"
"192","2025-04-03 18:32:31","13.8212","100.615","34","61","0"
"193","2025-04-03 19:02:31","13.8212","100.615","33","66","0"
"194","2025-04-03 19:32:31","13.8212","100.615","33","69","0"
"195","2025-04-03 20:02:31","13.8212","100.615","33","70","0"
"196","2025-04-03 20:32:32","13.8212","100.615","33","68","0"
"197","2025-04-03 21:02:32","13.8212","100.615","32","70","0"
"198","2025-04-03 21:32:32","13.8212","100.615","32","70","0"
"199","2025-04-03 22:02:33","13.8212","100.615","32","70","0"
"200","2025-04-03 22:32:33","13.8212","100.615","32","73","0"
"201","2025-04-03 23:02:33","13.8212","100.615","31","78","0"
"202","2025-04-03 23:32:34","13.8212","100.615","31","80","0"
"203","2025-04-04 00:02:34","13.8212","100.615","31","79","0"
"204","2025-04-04 00:32:34","13.8212","100.615","31","79","0"
"205","2025-04-04 01:02:35","13.8212","100.615","31","80","0"
"206","2025-04-04 01:32:35","13.8212","100.615","31","80","0"
"207","2025-04-04 02:02:35","13.8212","100.615","31","80","0"
"208","2025-04-06 19:36:29","13.8212","100.615","31","79","0"
"209","2025-04-06 20:06:29","13.8212","100.615","32","68","0"
"210","2025-04-06 20:36:29","13.8212","100.615","32","70","0"
"211","2025-04-06 21:06:30","13.8212","100.615","32","71","0"
"212","2025-04-06 21:36:30","13.8212","100.615","31","74","0"
"213","2025-04-06 22:06:30","13.8212","100.615","31","75","0"
"214","2025-04-06 22:36:30","13.8212","100.615","31","74","0"
"215","2025-04-06 23:06:31","13.8212","100.615","31","76","0"
"216","2025-04-06 23:36:31","13.8212","100.615","31","77","0"
"217","2025-04-07 00:06:31","13.8212","100.615","31","77","0"
"218","2025-04-07 00:36:32","13.8212","100.615","31","78","0"
"219","2025-04-07 01:06:32","13.8212","100.615","31","79","0"
"220","2025-04-07 01:36:32","13.8212","100.615","31","80","0"
"221","2025-04-07 02:06:33","13.8212","100.615","31","81","0"
"222","2025-04-07 02:36:33","13.8212","100.615","30","80","0"
"223","2025-04-07 03:06:33","13.8212","100.615","30","80","0"
"224","2025-04-07 03:36:34","13.8212","100.615","30","80","0"
"225","2025-04-07 04:06:34","13.8212","100.615","30","80","0"
"226","2025-04-07 04:36:34","13.8212","100.615","30","81","0"
"227","2025-04-07 05:06:35","13.8212","100.615","30","81","0"
"228","2025-04-07 05:36:35","13.8212","100.615","30","81","0"
"229","2025-04-07 06:06:35","13.8212","100.615","30","80","0"
"230","2025-04-07 06:36:35","13.8212","100.615","30","80","0"
"231","2025-04-07 07:06:36","13.8212","100.615","30","81","0"
"232","2025-04-07 07:36:36","13.8212","100.615","30","80","0"
"233","2025-04-07 08:06:37","13.8212","100.615","30","82","0"
"234","2025-04-07 08:36:37","13.8212","100.615","30","83","0"
"235","2025-04-07 09:06:37","13.8212","100.615","30","83","0"
"236","2025-04-07 09:36:38","13.8212","100.615","30","84","0"
"237","2025-04-07 10:06:38","13.8212","100.615","30","84","0"
"238","2025-04-07 10:36:38","13.8212","100.615","29","84","0"
"239","2025-04-07 11:06:39","13.8212","100.615","29","91","0"
"240","2025-04-07 11:36:39","13.8212","100.615","29","91","0"
"241","2025-04-07 12:06:39","13.8212","100.615","29","88","0"
"242","2025-04-07 12:36:39","13.8212","100.615","30","86","0"
"243","2025-04-07 13:06:40","13.8212","100.615","32","78","0"
"244","2025-04-07 18:40:40","13.8212","100.615","32","75","0"
"245","2025-04-07 19:10:41","13.8212","100.615","32","74","0"
"246","2025-04-07 19:40:41","13.8212","100.615","31","77","0"
"247","2025-04-07 20:10:41","13.8212","100.615","31","79","0"
"248","2025-04-07 20:40:42","13.8212","100.615","31","78","0"
"249","2025-04-07 21:10:42","13.8212","100.615","31","79","0"
"250","2025-04-07 21:40:42","13.8212","100.615","31","80","0"
"251","2025-04-07 22:10:42","13.8212","100.615","31","81","0"
"252","2025-04-07 22:40:43","13.8212","100.615","31","82","0"
"253","2025-04-07 23:10:43","13.8212","100.615","31","82","0"
"254","2025-04-07 23:40:43","13.8212","100.615","31","83","0"
"255","2025-04-08 00:10:44","13.8212","100.615","30","83","0"
"256","2025-04-08 00:40:44","13.8212","100.615","30","82","0"
"257","2025-04-08 01:10:44","13.8212","100.615","30","83","0"
"258","2025-04-08 01:40:45","13.8212","100.615","30","82","0"
"259","2025-04-08 02:10:45","13.8212","100.615","30","83","0"
"260","2025-04-08 02:40:45","13.8212","100.615","30","84","0"
"261","2025-04-08 03:10:46","13.8212","100.615","30","85","0"
"262","2025-04-08 03:40:46","13.8212","100.615","30","85","0"
"263","2025-04-08 04:10:46","13.8212","100.615","29","87","0"
"264","2025-04-08 04:40:46","13.8212","100.615","29","86","0"
"265","2025-04-08 05:10:47","13.8212","100.615","29","86","0"
"266","2025-04-08 05:40:47","13.8212","100.615","29","87","0"
"267","2025-04-08 06:10:47","13.8212","100.615","29","87","0"
"268","2025-04-08 06:40:48","13.8212","100.615","29","87","0"
"269","2025-04-08 07:10:48","13.8212","100.615","29","87","0"
"270","2025-04-08 07:40:49","13.8212","100.615","29","87","0"
"271","2025-04-08 08:10:49","13.8212","100.615","29","86","0"
"272","2025-04-08 08:40:49","13.8212","100.615","30","85","0"
"273","2025-04-08 09:10:49","13.8212","100.615","30","84","0"
"274","2025-04-08 09:40:50","13.8212","100.615","31","81","0"
"275","2025-04-08 10:10:50","13.8212","100.615","32","77","0"
"276","2025-04-08 10:40:50","13.8212","100.615","32","75","0"
"277","2025-04-08 11:10:51","13.8212","100.615","32","75","0"
"278","2025-04-08 11:40:51","13.8212","100.615","33","70","0"
"279","2025-04-08 12:10:51","13.8212","100.615","33","66","0"
"280","2025-04-08 12:40:52","13.8212","100.615","33","67","0"
"281","2025-04-08 13:10:52","13.8212","100.615","33","65","0"
"282","2025-04-08 13:40:52","13.8212","100.615","34","61","0"
"283","2025-04-08 14:10:53","13.8212","100.615","36","56","0"
"284","2025-04-08 14:40:53","13.8212","100.615","36","59","0"
"285","2025-04-08 15:10:53","13.8212","100.615","36","58","0"
"286","2025-04-08 18:39:19","13.8212","100.615","31","79","0"
"287","2025-04-08 19:09:19","13.8212","100.615","31","79","0"
"288","2025-04-08 19:39:19","13.8212","100.615","31","80","0"
"289","2025-04-08 20:09:20","13.8212","100.615","31","80","0"
"290","2025-04-08 20:39:20","13.8212","100.615","31","79","0"
"291","2025-04-08 21:09:20","13.8212","100.615","31","79","0"
"292","2025-04-08 21:39:21","13.8212","100.615","31","79","0"
"293","2025-04-08 22:09:21","13.8212","100.615","31","80","0"
"294","2025-04-08 22:39:21","13.8212","100.615","31","81","0"
"295","2025-04-08 23:09:22","13.8212","100.615","31","81","0"
"296","2025-04-08 23:39:22","13.8212","100.615","31","81","0"
"297","2025-04-09 00:09:22","13.8212","100.615","31","82","0"
"298","2025-04-09 00:39:23","13.8212","100.615","31","82","0"
"299","2025-04-09 01:09:23","13.8212","100.615","31","83","0"
"300","2025-04-09 01:39:24","13.8212","100.615","31","84","0"
"301","2025-04-09 02:09:24","13.8212","100.615","30","83","0"
"302","2025-04-09 02:39:24","13.8212","100.615","30","83","0"
"303","2025-04-09 03:09:25","13.8212","100.615","30","84","0"
"304","2025-04-09 03:39:25","13.8212","100.615","30","84","0"
"305","2025-04-09 04:09:25","13.8212","100.615","30","84","0"
"306","2025-04-09 04:39:26","13.8212","100.615","30","85","0"
"307","2025-04-09 05:09:26","13.8212","100.615","30","85","0"
"308","2025-04-09 05:39:26","13.8212","100.615","30","85","0"
"309","2025-04-09 06:09:27","13.8212","100.615","30","85","0"
"310","2025-04-09 06:39:27","13.8212","100.615","30","85","0"
"311","2025-04-09 07:09:27","13.8212","100.615","30","86","0"
"312","2025-04-09 07:39:29","13.8212","100.615","30","85","0"
"313","2025-04-09 08:09:29","13.8212","100.615","30","85","0"
"314","2025-04-09 08:39:29","13.8212","100.615","31","83","0"
"315","2025-04-09 09:09:29","13.8212","100.615","31","81","0"
"316","2025-04-09 09:39:30","13.8212","100.615","32","76","0"
"317","2025-04-09 10:09:30","13.8212","100.615","32","74","0"
"318","2025-04-09 10:39:30","13.8212","100.615","33","72","0"
"319","2025-04-09 11:09:31","13.8212","100.615","33","70","0"
"320","2025-04-09 11:39:31","13.8212","100.615","33","68","0"
"321","2025-04-09 12:09:31","13.8212","100.615","34","64","0"
"322","2025-04-09 12:39:32","13.8212","100.615","35","61","0"
"323","2025-04-09 13:09:32","13.8212","100.615","35","60","0"
"324","2025-04-09 13:39:32","13.8212","100.615","35","62","0"
"325","2025-04-09 14:09:33","13.8212","100.615","35","61","0"
"326","2025-04-09 14:39:33","13.8212","100.615","36","60","0"
"327","2025-04-09 15:09:33","13.8212","100.615","36","60","0"
"328","2025-04-09 15:39:34","13.8212","100.615","35","59","0"
"329","2025-04-09 16:09:34","13.8212","100.615","35","60","0"
"330","2025-04-09 16:39:34","13.8212","100.615","34","64","0"
"331","2025-04-09 17:09:35","13.8212","100.615","34","65","0"
"332","2025-04-09 17:39:35","13.8212","100.615","34","63","0"
"333","2025-04-09 18:09:35","13.8212","100.615","34","62","0"
"334","2025-04-09 18:39:36","13.8212","100.615","33","63","0"
"335","2025-04-09 19:09:36","13.8212","100.615","33","66","0"
"336","2025-04-09 19:39:36","13.8212","100.615","33","68","0"
"337","2025-04-09 20:09:37","13.8212","100.615","33","69","0"
"338","2025-04-10 16:47:40","13.8212","100.615","32","69","0"
"339","2025-04-10 17:17:40","13.8212","100.615","31","83","0"
"340","2025-04-10 17:47:40","13.8212","100.615","31","83","0"
"341","2025-04-10 18:17:40","13.8212","100.615","31","84","0"
"342","2025-04-10 18:47:41","13.8212","100.615","31","82","0"
"343","2025-04-10 19:17:41","13.8212","100.615","31","85","0"
"344","2025-04-10 19:47:41","13.8212","100.615","31","85","0"
"345","2025-04-10 20:17:42","13.8212","100.615","30","84","0"
"346","2025-04-10 20:47:42","13.8212","100.615","30","85","0"
"347","2025-04-10 21:17:42","13.8212","100.615","30","85","0"
"348","2025-04-10 21:47:43","13.8212","100.615","30","87","0"
"349","2025-04-10 22:17:43","13.8212","100.615","30","87","0"
"350","2025-04-10 22:47:43","13.8212","100.615","30","87","0"
"351","2025-04-10 23:17:44","13.8212","100.615","30","88","0"
"352","2025-04-10 23:47:44","13.8212","100.615","30","88","0"
"353","2025-04-11 00:17:44","13.8212","100.615","30","88","0"
"354","2025-04-11 00:47:45","13.8212","100.615","30","88","0"
"355","2025-04-11 01:17:45","13.8212","100.615","30","89","0"
"356","2025-04-11 01:47:45","13.8212","100.615","30","89","0"
"357","2025-04-11 02:17:46","13.8212","100.615","29","91","0"
"358","2025-04-11 02:47:46","13.8212","100.615","29","91","0"
"359","2025-04-11 03:17:46","13.8212","100.615","29","92","0"
"360","2025-04-11 03:47:47","13.8212","100.615","29","93","0"
"361","2025-04-11 04:17:47","13.8212","100.615","29","93","0"
"362","2025-04-11 04:47:47","13.8212","100.615","29","94","0"
"363","2025-04-11 05:17:48","13.8212","100.615","29","94","0"
"364","2025-04-11 05:47:48","13.8212","100.615","29","95","0"
"365","2025-04-11 06:17:48","13.8212","100.615","29","95","0"
"366","2025-04-11 06:47:49","13.8212","100.615","29","95","0"
"367","2025-04-11 07:17:49","13.8212","100.615","29","95","0"
"368","2025-04-11 07:47:49","13.8212","100.615","29","95","0"
"369","2025-04-11 08:17:49","13.8212","100.615","29","95","0"
"370","2025-04-11 08:47:50","13.8212","100.615","29","95","0"
"371","2025-04-11 09:17:50","13.8212","100.615","29","95","0"
"372","2025-04-11 09:47:50","13.8212","100.615","29","95","0"
"373","2025-04-11 10:17:51","13.8212","100.615","31","91","0"
"374","2025-04-11 10:47:51","13.8212","100.615","31","85","0"
"375","2025-04-11 11:17:51","13.8212","100.615","31","87","0"
"376","2025-04-11 11:47:52","13.8212","100.615","30","92","0"
"377","2025-04-11 12:17:52","13.8212","100.615","30","91","0"
"378","2025-04-11 12:47:52","13.8212","100.615","31","86","0"
"379","2025-04-11 13:17:53","13.8212","100.615","32","80","0"
"380","2025-04-11 13:47:53","13.8212","100.615","29","93","0"
"381","2025-04-11 14:17:53","13.8212","100.615","29","92","0"
"382","2025-04-11 14:47:53","13.8212","100.615","29","88","0"
"383","2025-04-11 15:17:54","13.8212","100.615","31","87","0"
"384","2025-04-11 15:47:54","13.8212","100.615","32","77","0"
"385","2025-04-11 16:17:54","13.8212","100.615","33","77","0"
"386","2025-04-11 16:47:55","13.8212","100.615","33","75","0"
"387","2025-04-11 17:17:55","13.8212","100.615","33","77","0"
"388","2025-04-11 17:47:55","13.8212","100.615","33","77","0"
"389","2025-04-11 18:17:56","13.8212","100.615","32","77","0"
"390","2025-04-11 18:47:56","13.8212","100.615","32","80","0"
"391","2025-04-11 19:17:56","13.8212","100.615","32","81","0"
"392","2025-04-11 19:47:57","13.8212","100.615","31","84","0"
"393","2025-04-11 20:17:57","13.8212","100.615","31","83","0"
"394","2025-04-11 20:47:57","13.8212","100.615","31","85","0"
"395","2025-04-11 21:17:58","13.8212","100.615","31","86","0"
"396","2025-04-11 21:47:58","13.8212","100.615","31","86","0"
"397","2025-04-11 22:17:58","13.8212","100.615","31","87","0"
"398","2025-04-11 22:47:59","13.8212","100.615","31","88","0"
"399","2025-04-11 23:17:59","13.8212","100.615","31","88","0"
"400","2025-04-11 23:47:59","13.8212","100.615","31","88","0"
"401","2025-04-12 00:18:00","13.8212","100.615","30","87","0"
"402","2025-04-12 00:48:00","13.8212","100.615","30","88","0"
"403","2025-04-12 01:18:00","13.8212","100.615","30","88","0"
"404","2025-04-12 01:48:00","13.8212","100.615","30","88","0"
"405","2025-04-12 02:18:01","13.8212","100.615","30","89","0"
"406","2025-04-12 02:48:01","13.8212","100.615","30","91","0"
"407","2025-04-12 03:18:01","13.8212","100.615","30","91","0"
"408","2025-04-12 03:48:02","13.8212","100.615","30","91","0"
"409","2025-04-12 04:18:02","13.8212","100.615","30","91","0"
"410","2025-04-12 04:48:02","13.8212","100.615","30","93","0"
"411","2025-04-12 05:18:03","13.8212","100.615","30","93","0"
"412","2025-04-12 05:48:03","13.8212","100.615","29","93","0"
"413","2025-04-12 06:18:03","13.8212","100.615","29","94","0"
"414","2025-04-12 06:48:03","13.8212","100.615","29","94","0"
"415","2025-04-12 07:18:04","13.8212","100.615","29","92","0"
"416","2025-04-12 07:48:04","13.8212","100.615","30","91","0"
"417","2025-04-12 08:18:04","13.8212","100.615","30","81","0"
"418","2025-04-12 08:48:05","13.8212","100.615","31","76","0"
"419","2025-04-12 09:18:05","13.8212","100.615","32","73","0"
"420","2025-04-12 09:48:05","13.8212","100.615","33","73","0"
"421","2025-04-12 10:18:06","13.8212","100.615","33","71","0"
"422","2025-04-12 10:48:06","13.8212","100.615","33","69","0"
"423","2025-04-12 11:18:06","13.8212","100.615","34","66","0"
"424","2025-04-12 11:48:06","13.8212","100.615","34","66","0"
"425","2025-04-12 12:18:07","13.8212","100.615","34","66","0"
"426","2025-04-12 12:48:07","13.8212","100.615","34","66","0"
"427","2025-04-12 13:18:07","13.8212","100.615","34","65","0"
"428","2025-04-12 13:48:08","13.8212","100.615","35","61","0"
"429","2025-04-12 14:18:08","13.8212","100.615","35","59","0"
"430","2025-04-12 14:48:08","13.8212","100.615","35","57","0"
"431","2025-04-12 15:18:09","13.8212","100.615","35","55","0"
"432","2025-04-12 15:48:09","13.8212","100.615","35","57","0"
"433","2025-04-12 16:18:09","13.8212","100.615","34","59","0"
"434","2025-04-12 16:48:09","13.8212","100.615","34","59","0"
"435","2025-04-12 17:18:10","13.8212","100.615","34","59","0"
"436","2025-04-12 17:48:10","13.8212","100.615","33","60","0"
"437","2025-04-12 18:18:10","13.8212","100.615","33","62","0"
"438","2025-04-12 18:48:11","13.8212","100.615","33","64","0"
"439","2025-04-12 19:18:11","13.8212","100.615","33","63","0"
"440","2025-04-12 19:48:11","13.8212","100.615","32","65","0"
"441","2025-04-12 20:18:12","13.8212","100.615","32","65","0"
"442","2025-04-12 20:48:12","13.8212","100.615","32","64","0"
"443","2025-04-12 21:18:12","13.8212","100.615","32","65","0"
"444","2025-04-12 21:48:13","13.8212","100.615","32","67","0"
"445","2025-04-12 22:18:13","13.8212","100.615","32","70","0"
"446","2025-04-12 22:48:13","13.8212","100.615","32","74","0"
"447","2025-04-12 23:18:14","13.8212","100.615","32","78","0"
"448","2025-04-12 23:48:14","13.8212","100.615","31","81","0"
"449","2025-04-13 00:18:14","13.8212","100.615","31","82","0"
"450","2025-04-13 00:48:14","13.8212","100.615","31","85","0"
"451","2025-04-14 14:06:23","13.8212","100.615","32","75","0"
"452","2025-04-14 14:36:23","13.8212","100.615","32","75","0"
"453","2025-04-14 15:06:24","13.8212","100.615","32","73","0"
"454","2025-04-14 15:36:24","13.8212","100.615","32","74","0"
"455","2025-04-14 16:06:24","13.8212","100.615","32","73","0"
"456","2025-04-14 16:36:25","13.8212","100.615","33","73","0"
"457","2025-04-14 17:06:25","13.8212","100.615","32","73","0"
"458","2025-04-14 17:36:25","13.8212","100.615","32","76","0"
"459","2025-04-14 18:06:26","13.8212","100.615","32","74","0"
"460","2025-04-14 18:36:26","13.8212","100.615","32","75","0"
"461","2025-04-14 19:06:26","13.8212","100.615","32","74","0"
"462","2025-04-14 19:36:27","13.8212","100.615","32","74","0"
"463","2025-04-14 20:06:27","13.8212","100.615","32","76","0"
"464","2025-04-14 20:36:27","13.8212","100.615","32","78","0"
"465","2025-04-14 21:06:28","13.8212","100.615","31","79","0"
"466","2025-04-14 21:36:28","13.8212","100.615","31","78","0"
"467","2025-04-14 22:06:28","13.8212","100.615","31","80","0"
"468","2025-04-14 22:36:28","13.8212","100.615","31","85","0"
"469","2025-04-14 23:06:29","13.8212","100.615","30","82","0"
"470","2025-04-14 23:36:29","13.8212","100.615","30","80","0"
"471","2025-04-15 00:06:29","13.8212","100.615","30","78","0"
"472","2025-04-15 00:36:30","13.8212","100.615","30","79","0"
"473","2025-04-15 01:06:30","13.8212","100.615","30","80","0"
"474","2025-04-15 01:36:30","13.8212","100.615","30","81","0"
"475","2025-04-15 02:06:31","13.8212","100.615","30","83","0"
"476","2025-04-15 02:36:31","13.8212","100.615","29","84","0"
"477","2025-04-15 03:06:31","13.8212","100.615","29","85","0"
"478","2025-04-15 03:36:32","13.8212","100.615","29","86","0"
"479","2025-04-15 04:06:32","13.8212","100.615","29","86","0"
"480","2025-04-15 04:36:32","13.8212","100.615","29","87","0"
"481","2025-04-15 05:06:32","13.8212","100.615","29","87","0"
"482","2025-04-15 05:36:33","13.8212","100.615","29","87","0"
"483","2025-04-15 06:06:33","13.8212","100.615","29","87","0"
"484","2025-04-15 06:36:33","13.8212","100.615","29","88","0"
"485","2025-04-15 07:06:34","13.8212","100.615","29","88","0"
"486","2025-04-15 07:36:34","13.8212","100.615","29","87","0"
"487","2025-04-15 08:06:34","13.8212","100.615","29","84","0"
"488","2025-04-15 08:36:34","13.8212","100.615","30","83","0"
"489","2025-04-15 09:06:35","13.8212","100.615","30","81","0"
"490","2025-04-15 09:36:35","13.8212","100.615","31","80","0"
"491","2025-04-15 10:06:35","13.8212","100.615","32","77","0"
"492","2025-04-15 10:36:36","13.8212","100.615","32","74","0"
"493","2025-04-15 11:06:36","13.8212","100.615","32","74","0"
"494","2025-04-15 11:36:36","13.8212","100.615","32","76","0"
"495","2025-04-15 12:06:37","13.8212","100.615","32","76","0"
"496","2025-04-15 12:36:37","13.8212","100.615","32","82","0"
"497","2025-04-15 13:06:37","13.8212","100.615","32","75","0"
"498","2025-04-15 13:36:38","13.8212","100.615","31","91","0"
"499","2025-04-15 14:06:38","13.8212","100.615","32","86","0"
"500","2025-04-15 14:36:38","13.8212","100.615","31","87","0"
"501","2025-04-15 15:06:38","13.8212","100.615","31","90","0"
"502","2025-04-15 15:36:39","13.8212","100.615","29","95","0"
"503","2025-04-15 16:06:39","13.8212","100.615","29","95","0"
"504","2025-04-15 16:36:39","13.8212","100.615","30","95","0"
"505","2025-04-15 17:06:40","13.8212","100.615","30","95","0"
"506","2025-04-15 17:36:40","13.8212","100.615","30","95","0"
"507","2025-04-15 18:06:40","13.8212","100.615","28","90","0"
"508","2025-04-15 18:36:41","13.8212","100.615","26","95","0"
"509","2025-04-15 19:06:41","13.8212","100.615","27","95","0"
"510","2025-04-15 19:36:41","13.8212","100.615","27","95","0"
"511","2025-04-15 20:06:41","13.8212","100.615","28","95","0"
"512","2025-04-15 20:36:42","13.8212","100.615","28","95","0"
"513","2025-04-15 21:06:42","13.8212","100.615","28","95","0"
"514","2025-04-15 21:36:43","13.8212","100.615","28","95","0"
"515","2025-04-15 22:06:43","13.8212","100.615","28","95","0"
"516","2025-04-15 22:36:43","13.8212","100.615","28","95","0"
"517","2025-04-15 23:06:44","13.8212","100.615","28","95","0"
"518","2025-04-15 23:36:44","13.8212","100.615","28","95","0"
"519","2025-04-16 00:06:44","13.8212","100.615","28","95","0"
"520","2025-04-16 00:36:44","13.8212","100.615","28","95","0"
"521","2025-04-16 01:06:45","13.8212","100.615","28","95","0"
"522","2025-04-16 01:36:45","13.8212","100.615","28","95","0"
"523","2025-04-16 02:06:45","13.8212","100.615","28","95","0"
"524","2025-04-16 02:36:45","13.8212","100.615","28","95","0"
"525","2025-04-16 03:06:46","13.8212","100.615","28","95","0"
"526","2025-04-16 03:36:46","13.8212","100.615","28","95","0"
"527","2025-04-16 04:06:46","13.8212","100.615","28","95","0"
"528","2025-04-16 04:36:47","13.8212","100.615","28","95","0"
"529","2025-04-16 05:06:47","13.8212","100.615","28","95","0"
"530","2025-04-16 05:36:47","13.8212","100.615","28","95","0"
"531","2025-04-16 06:06:48","13.8212","100.615","28","95","0"
"532","2025-04-16 06:36:48","13.8212","100.615","28","95","0"
"533","2025-04-16 07:06:48","13.8212","100.615","28","95","0"
"534","2025-04-16 07:36:48","13.8212","100.615","28","95","0"
"535","2025-04-16 08:06:49","13.8212","100.615","28","95","0"
"536","2025-04-16 08:36:49","13.8212","100.615","28","95","0"
"537","2025-04-16 09:06:49","13.8212","100.615","29","95","0"
"538","2025-04-16 09:36:50","13.8212","100.615","29","95","0"
"539","2025-04-16 10:06:50","13.8212","100.615","29","95","0"
"540","2025-04-16 10:36:50","13.8212","100.615","30","95","0"
"541","2025-04-16 11:06:50","13.8212","100.615","30","94","0"
"542","2025-04-16 11:36:51","13.8212","100.615","31","92","0"
"543","2025-04-16 12:06:51","13.8212","100.615","31","90","0"
"544","2025-04-16 12:36:51","13.8212","100.615","32","86","0"
"545","2025-04-16 13:06:52","13.8212","100.615","31","90","0"
"546","2025-04-16 13:36:52","13.8212","100.615","32","87","0"
"547","2025-04-16 14:06:52","13.8212","100.615","33","81","0"
"548","2025-04-16 14:36:53","13.8212","100.615","34","74","0"
"549","2025-04-16 15:06:53","13.8212","100.615","34","73","0"
"550","2025-04-16 15:36:54","13.8212","100.615","34","71","0"
"551","2025-04-16 16:06:54","13.8212","100.615","34","68","0"
"552","2025-04-16 16:36:54","13.8212","100.615","34","69","0"
"553","2025-04-16 17:06:54","13.8212","100.615","33","69","0"
"554","2025-04-16 17:36:55","13.8212","100.615","33","70","0"
"555","2025-04-16 18:06:55","13.8212","100.615","32","77","0"
"556","2025-04-16 18:36:55","13.8212","100.615","32","79","0"
"557","2025-04-16 19:06:56","13.8212","100.615","31","82","0"
"558","2025-04-16 19:36:56","13.8212","100.615","31","84","0"
"559","2025-04-16 20:06:56","13.8212","100.615","31","86","0"
"560","2025-04-16 20:36:57","13.8212","100.615","31","88","0"
"561","2025-04-16 21:06:57","13.8212","100.615","31","90","0"
"562","2025-04-16 21:36:57","13.8212","100.615","31","89","0"
"563","2025-04-16 22:06:58","13.8212","100.615","31","90","0"
"564","2025-04-16 22:36:58","13.8212","100.615","31","90","0"
"565","2025-04-16 23:06:58","13.8212","100.615","30","90","0"
"566","2025-04-16 23:36:58","13.8212","100.615","30","90","0"
"567","2025-04-17 00:06:59","13.8212","100.615","30","86","0"
"568","2025-04-17 00:36:59","13.8212","100.615","30","90","0"
"569","2025-04-17 01:06:59","13.8212","100.615","30","91","0"
"570","2025-04-17 01:37:00","13.8212","100.615","30","91","0"
"571","2025-04-17 02:07:00","13.8212","100.615","30","90","0"
"572","2025-04-17 02:37:00","13.8212","100.615","29","92","0"
"573","2025-04-17 03:07:01","13.8212","100.615","29","92","0"
"574","2025-04-17 03:37:01","13.8212","100.615","29","92","0"
"575","2025-04-17 04:07:01","13.8212","100.615","29","92","0"
"576","2025-04-17 04:37:01","13.8212","100.615","29","92","0"
"577","2025-04-17 05:07:02","13.8212","100.615","29","92","0"
"578","2025-04-17 05:37:02","13.8212","100.615","29","93","0"
"579","2025-04-17 06:07:02","13.8212","100.615","29","94","0"
"580","2025-04-17 06:37:03","13.8212","100.615","29","94","0"
"581","2025-04-17 07:07:03","13.8212","100.615","28","94","0"
"582","2025-04-17 07:37:03","13.8212","100.615","29","95","0"
"583","2025-04-17 08:07:04","13.8212","100.615","29","95","0"
"584","2025-04-17 08:37:04","13.8212","100.615","30","94","0"
"585","2025-04-17 09:07:04","13.8212","100.615","30","90","0"
"586","2025-04-17 09:37:05","13.8212","100.615","31","87","0"
"587","2025-04-17 10:07:05","13.8212","100.615","32","79","0"
"588","2025-04-17 10:37:05","13.8212","100.615","32","75","0"
"589","2025-04-17 11:07:05","13.8212","100.615","33","72","0"
"590","2025-04-17 11:37:06","13.8212","100.615","33","70","0"
"591","2025-04-17 12:07:06","13.8212","100.615","34","69","0"
"592","2025-04-17 12:37:07","13.8212","100.615","34","65","0"
"593","2025-04-17 13:07:07","13.8212","100.615","34","64","0"
"594","2025-04-17 13:37:07","13.8212","100.615","35","63","0"
"595","2025-04-17 14:07:08","13.8212","100.615","36","61","0"
"596","2025-04-17 14:37:08","13.8212","100.615","36","62","0"
"597","2025-04-17 15:07:08","13.8212","100.615","35","64","0"
"598","2025-04-17 15:37:08","13.8212","100.615","36","63","0"
"599","2025-04-17 16:07:09","13.8212","100.615","36","63","0"
"600","2025-04-17 16:37:09","13.8212","100.615","35","62","0"
"601","2025-04-17 17:07:09","13.8212","100.615","35","61","0"
"602","2025-04-17 17:37:10","13.8212","100.615","34","61","0"
"603","2025-04-17 18:07:10","13.8212","100.615","34","61","0"
"604","2025-04-17 18:37:11","13.8212","100.615","34","63","0"
"605","2025-04-17 19:07:11","13.8212","100.615","33","69","0"
"606","2025-04-17 19:37:11","13.8212","100.615","32","72","0"
"607","2025-04-17 20:07:12","13.8212","100.615","32","77","0"
"608","2025-04-17 20:37:12","13.8212","100.615","32","78","0"
"609","2025-04-17 21:07:12","13.8212","100.615","32","79","0"
"610","2025-04-17 21:37:13","13.8212","100.615","32","79","0"
"611","2025-04-17 22:07:13","13.8212","100.615","32","78","0"
"612","2025-04-17 22:37:13","13.8212","100.615","32","74","0"
"613","2025-04-17 23:07:14","13.8212","100.615","31","75","0"
"614","2025-04-17 23:37:14","13.8212","100.615","31","74","0"
"615","2025-04-18 00:07:14","13.8212","100.615","31","75","0"
"616","2025-04-18 00:37:15","13.8212","100.615","31","76","0"
"617","2025-04-18 01:07:15","13.8212","100.615","31","77","0"
"618","2025-04-18 01:37:15","13.8212","100.615","31","78","0"
"619","2025-04-18 02:07:15","13.8212","100.615","31","79","0"
"620","2025-04-18 02:37:16","13.8212","100.615","31","79","0"
"621","2025-04-18 03:07:16","13.8212","100.615","30","79","0"
"622","2025-04-18 03:37:16","13.8212","100.615","30","80","0"
"623","2025-04-18 04:07:17","13.8212","100.615","30","82","0"
"624","2025-04-18 04:37:17","13.8212","100.615","30","83","0"
"625","2025-04-18 05:07:17","13.8212","100.615","30","83","0"
"626","2025-04-18 05:37:18","13.8212","100.615","30","84","0"
"627","2025-04-18 06:07:18","13.8212","100.615","30","84","0"
"628","2025-04-18 06:37:18","13.8212","100.615","30","85","0"
"629","2025-04-18 07:07:19","13.8212","100.615","30","86","0"
"630","2025-04-18 07:37:19","13.8212","100.615","30","85","0"
"631","2025-04-18 08:07:19","13.8212","100.615","31","85","0"
"632","2025-04-18 08:37:19","13.8212","100.615","31","82","0"
"633","2025-04-18 09:07:20","13.8212","100.615","32","80","0"
"634","2025-04-18 09:37:20","13.8212","100.615","32","78","0"
"635","2025-04-18 10:07:20","13.8212","100.615","32","77","0"
"636","2025-04-18 10:37:21","13.8212","100.615","33","77","0"
"637","2025-04-18 11:07:21","13.8212","100.615","33","74","0"
"638","2025-04-18 11:37:21","13.8212","100.615","34","70","0"
"639","2025-04-18 12:07:22","13.8212","100.615","34","68","0"
"640","2025-04-18 12:37:22","13.8212","100.615","34","66","0"
"641","2025-04-18 13:07:22","13.8212","100.615","35","65","0"
"642","2025-04-18 13:37:23","13.8212","100.615","34","67","0"
"643","2025-04-18 14:07:23","13.8212","100.615","36","62","0"
"644","2025-04-18 14:37:23","13.8212","100.615","37","59","0"
"645","2025-04-18 15:07:24","13.8212","100.615","37","57","0"
"646","2025-04-18 15:37:24","13.8212","100.615","36","57","0"
"647","2025-04-18 16:07:24","13.8212","100.615","36","56","0"
"648","2025-04-18 16:37:25","13.8212","100.615","34","66","0"
"649","2025-04-18 17:07:25","13.8212","100.615","34","67","0"
"650","2025-04-18 17:37:25","13.8212","100.615","34","65","0"
"651","2025-04-18 18:07:25","13.8212","100.615","34","62","0"
"652","2025-04-18 18:37:26","13.8212","100.615","34","65","0"
"653","2025-04-18 19:07:26","13.8212","100.615","33","66","0"
"654","2025-04-18 19:37:26","13.8212","100.615","33","71","0"
"655","2025-04-18 20:07:27","13.8212","100.615","33","75","0"
"656","2025-04-18 20:37:27","13.8212","100.615","32","76","0"
"657","2025-04-18 21:07:27","13.8212","100.615","32","77","0"
"658","2025-04-18 21:37:28","13.8212","100.615","32","77","0"
"659","2025-04-18 22:07:28","13.8212","100.615","32","78","0"
"660","2025-04-18 22:37:28","13.8212","100.615","32","78","0"
"661","2025-04-18 23:07:29","13.8212","100.615","32","78","0"
"662","2025-04-18 23:37:29","13.8212","100.615","32","79","0"
"663","2025-04-19 00:07:29","13.8212","100.615","32","80","0"
"664","2025-04-19 00:37:30","13.8212","100.615","32","81","0"
"665","2025-04-19 01:07:30","13.8212","100.615","32","82","0"
"666","2025-04-19 01:37:30","13.8212","100.615","32","83","0"
"667","2025-04-19 02:07:30","13.8212","100.615","31","80","0"
"668","2025-04-19 02:37:31","13.8212","100.615","31","80","0"
"669","2025-04-19 03:07:31","13.8212","100.615","31","81","0"
"670","2025-04-19 03:37:31","13.8212","100.615","31","82","0"
"671","2025-04-19 04:07:32","13.8212","100.615","31","82","0"
"672","2025-04-19 04:37:32","13.8212","100.615","31","82","0"
"673","2025-04-19 05:07:32","13.8212","100.615","31","83","0"
"674","2025-04-19 05:37:33","13.8212","100.615","30","83","0"
"675","2025-04-19 06:07:33","13.8212","100.615","30","84","0"
"676","2025-04-19 06:37:33","13.8212","100.615","30","85","0"
"677","2025-04-19 07:07:34","13.8212","100.615","30","86","0"
"678","2025-04-19 07:37:34","13.8212","100.615","30","86","0"
"679","2025-04-19 08:07:34","13.8212","100.615","31","88","0"
"680","2025-04-19 08:37:34","13.8212","100.615","31","87","0"
"681","2025-04-19 09:07:35","13.8212","100.615","32","84","0"
"682","2025-04-19 09:37:35","13.8212","100.615","33","81","0"
"683","2025-04-19 10:07:35","13.8212","100.615","33","77","0"
"684","2025-04-19 10:37:36","13.8212","100.615","34","74","0"
"685","2025-04-19 11:07:36","13.8212","100.615","34","73","0"
"686","2025-04-19 11:37:36","13.8212","100.615","33","74","0"
"687","2025-04-19 12:07:37","13.8212","100.615","33","77","0"
"688","2025-04-19 12:37:37","13.8212","100.615","33","75","0"
"689","2025-04-19 13:07:37","13.8212","100.615","32","73","0"
"690","2025-04-19 13:37:38","13.8212","100.615","32","75","0"
"691","2025-04-19 14:07:38","13.8212","100.615","30","72","0"
"692","2025-04-19 14:37:38","13.8212","100.615","30","80","0"
"693","2025-04-19 15:07:39","13.8212","100.615","30","81","0"
"694","2025-04-19 15:37:39","13.8212","100.615","30","84","0"
"695","2025-04-19 16:07:39","13.8212","100.615","31","84","0"
